CREATE DATABASE  IF NOT EXISTS `video_games` /*!40100 DEFAULT CHARACTER SET utf8 */;
USE `video_games`;
-- MySQL dump 10.13  Distrib 5.7.17, for macos10.12 (x86_64)
--
-- Host: 127.0.0.1    Database: video_games
-- ------------------------------------------------------
-- Server version	5.7.23

/*!40101 SET @OLD_CHARACTER_SET_CLIENT=@@CHARACTER_SET_CLIENT */;
/*!40101 SET @OLD_CHARACTER_SET_RESULTS=@@CHARACTER_SET_RESULTS */;
/*!40101 SET @OLD_COLLATION_CONNECTION=@@COLLATION_CONNECTION */;
/*!40101 SET NAMES utf8 */;
/*!40103 SET @OLD_TIME_ZONE=@@TIME_ZONE */;
/*!40103 SET TIME_ZONE='+00:00' */;
/*!40014 SET @OLD_UNIQUE_CHECKS=@@UNIQUE_CHECKS, UNIQUE_CHECKS=0 */;
/*!40014 SET @OLD_FOREIGN_KEY_CHECKS=@@FOREIGN_KEY_CHECKS, FOREIGN_KEY_CHECKS=0 */;
/*!40101 SET @OLD_SQL_MODE=@@SQL_MODE, SQL_MODE='NO_AUTO_VALUE_ON_ZERO' */;
/*!40111 SET @OLD_SQL_NOTES=@@SQL_NOTES, SQL_NOTES=0 */;

--
-- Table structure for table `game`
--

DROP TABLE IF EXISTS `game`;
/*!40101 SET @saved_cs_client     = @@character_set_client */;
/*!40101 SET character_set_client = utf8 */;
CREATE TABLE `game` (
  `id` int(11) NOT NULL AUTO_INCREMENT,
  `genre_id` int(11) DEFAULT NULL,
  `game_name` varchar(200) DEFAULT NULL,
  PRIMARY KEY (`id`),
  KEY `fk_gm_gen` (`genre_id`),
  KEY `idx_g_name` (`game_name`),
  CONSTRAINT `fk_gm_gen` FOREIGN KEY (`genre_id`) REFERENCES `genre` (`id`)
) ENGINE=InnoDB AUTO_INCREMENT=16384 DEFAULT CHARSET=utf8;
/*!40101 SET character_set_client = @saved_cs_client */;

--
-- Dumping data for table `game`
--

LOCK TABLES `game` WRITE;
/*!40000 ALTER TABLE `game` DISABLE KEYS */;
INSERT INTO `game` VALUES (1,11,'\'98 Koshien'),(2,8,'.hack//G.U. Vol.1//Rebirth'),(3,8,'.hack//G.U. Vol.2//Reminisce'),(4,8,'.hack//G.U. Vol.2//Reminisce (jp sales)'),(5,8,'.hack//G.U. Vol.3//Redemption'),(6,8,'.hack//Infection Part 1'),(7,8,'.hack//Link'),(8,8,'.hack//Mutation Part 2'),(9,8,'.hack//Outbreak Part 3'),(10,8,'.hack//Quarantine Part 4: The Final Chapter'),(11,1,'.hack: Sekai no Mukou ni + Versus'),(12,7,'007 Racing'),(13,1,'007: Quantum of Solace'),(14,1,'007: The World is not Enough'),(15,9,'007: Tomorrow Never Dies'),(16,4,'1 vs. 100'),(17,2,'1/2 Summer +'),(18,11,'10 Minute Solution'),(19,6,'100 All-Time Favorites'),(20,4,'100 Classic Books'),(21,4,'100 Classic Games'),(22,4,'1000 Cooking Recipes from ELLE à table'),(23,1,'1001 Touch Games'),(24,6,'101-in-1 Explosive Megamix'),(25,4,'101-in-1 Party Megamix Wii'),(26,11,'101-in-1 Sports Megamix'),(27,11,'101-in-1 Sports Party Megamix'),(28,11,'1080°: TenEighty Snowboarding'),(29,2,'11eyes: CrossOver'),(30,2,'12-Sai. Honto no Kimochi'),(31,2,'12-Sai. Koisuru Diary'),(32,2,'12Riven: The Psi-Climinal of Integral'),(33,2,'15 Days'),(34,10,'1701 A.D.'),(35,7,'18 Wheeler: American Pro Trucker'),(36,7,'18 Wheels of Steel: Extreme Trucker'),(37,7,'18 Wheels of Steel: Extreme Trucker 2'),(38,7,'187: Ride or Die'),(39,9,'1942'),(40,7,'2 Games in 1 Double Pack: Hot Wheels Velocity X / Hot Wheels World Race'),(41,1,'2 Games in 1 Double Pack: The Incredibles / Finding Nemo: The Continuing Adventures'),(42,4,'2 Games in 1: Disney Princess & The Lion King'),(43,1,'2 Games in 1: Disney\'s Brother Bear / The Lion King 1 1/2'),(44,4,'2 Games in 1: Sonic Advance & ChuChu Rocket!'),(45,4,'2 Games in 1: Sonic Battle & ChuChu Rocket!'),(46,4,'2 Games in 1: Sonic Pinball Party & Columns Crown'),(47,5,'2 Games in 1: SpongeBob SquarePants: SuperSponge & Rugrats Go Wild'),(48,4,'2 in 1 Combo Pack: Sonic Heroes / Super Monkey Ball Deluxe'),(49,5,'2-in-1 Game Pack: Spider-Man & Spider-Man 2'),(50,11,'2002 FIFA World Cup'),(51,11,'2010 FIFA World Cup South Africa'),(52,11,'2014 FIFA World Cup Brazil'),(53,2,'24: The Game'),(54,9,'25 to Life'),(55,11,'2Xtreme'),(56,4,'3 in 1: Solitaire, Mahjong & Tangram'),(57,1,'300: March to Glory'),(58,11,'3D Baseball'),(59,8,'3D Dot Game Heroes'),(60,6,'3D Lemmings'),(61,10,'3D Tank Warfare Simulator Panzer Front'),(62,4,'3DS Classic Collection'),(63,8,'3rd Super Robot Wars Z Jigoku Hen'),(64,1,'3rd Super Robot Wars Z: Tengoku-Hen'),(65,1,'3Xtreme'),(66,6,'4 Elements'),(67,4,'4 Game Fun Pack: Monopoly / Boggle / Yahtzee / Battleship'),(68,4,'4 Nin uchi Mahjong'),(69,5,'40 Winks'),(70,2,'428: Fuusa Sareta Shibuya de'),(71,7,'4x4 EVO 2'),(72,7,'4x4 Evolution'),(73,9,'50 Cent: Blood on the Sand'),(74,1,'50 Cent: Bulletproof'),(75,4,'50 Classic Games'),(76,4,'64 de Hakken! Tamagotchi Minna de Tamagotchi World'),(77,1,'7 Days to Die'),(78,4,'7 Roses: A Darkness Rises'),(79,6,'7 Wonders II'),(80,6,'7 Wonders of the Ancient World'),(81,6,'7 Wonders: Treasures of Seven'),(82,8,'7th Dragon'),(83,8,'7th Dragon 2020'),(84,8,'7th Dragon 2020-II'),(85,8,'7th Dragon III Code: VFD'),(86,2,'99 no Namida'),(87,2,'999: Nine Hours, Nine Persons, Nine Doors'),(88,5,'A Boy and His Blob'),(89,5,'A Bug\'s Life'),(90,4,'A Collection of Activision Classic Games for the Atari 2600'),(91,4,'A Collection of Classic Games from the Intellivision'),(92,12,'A Game of Thrones: Genesis'),(93,1,'A Good Librarian Like a Good Shepherd: Library Party'),(94,10,'A llI S.V.: A Ressha de Gyoukou 3 Super Version'),(95,2,'A New Beginning'),(96,10,'A Ressha de Gyoukou 2001'),(97,10,'A Ressha de Ikou DS'),(98,2,'A Vampyre Story'),(99,8,'A Witch\'s Tale'),(100,10,'A-Train'),(101,12,'A-Train 6'),(102,10,'A-Train: City Simulator'),(103,12,'A. IV Evolution: A Ressha de Ikou 4'),(104,10,'A.C.E.: Another Century\'s Episode'),(105,10,'A.C.E.: Another Century\'s Episode 2'),(106,10,'A.C.E.: Another Century\'s Episode 3: The Final'),(107,10,'A.C.E.: Another Century\'s Episode Portable'),(108,10,'A.C.E.: Another Century\'s Episode R'),(109,2,'Aa Megami-samaa'),(110,4,'ABBA: You Can Dance'),(111,1,'Abunai: Koi no Sousa Shitsu'),(112,4,'AC/DC LIVE: Rock Band Track Pack'),(113,11,'Academy of Champions: Soccer'),(114,2,'Accel World: Ginyoku no Kakusei'),(115,2,'Accel World: Kasoku no Chouten'),(116,2,'Ace Attorney 6'),(117,2,'Ace Attorney Investigations 2'),(118,2,'Ace Attorney Investigations: Miles Edgeworth'),(119,10,'Ace Combat 04: Shattered Skies'),(120,10,'Ace Combat 2'),(121,10,'Ace Combat 3: Electrosphere'),(122,10,'Ace Combat 5: The Unsung War'),(123,10,'Ace Combat 6: Fires of Liberation'),(124,10,'Ace Combat X: Skies of Deception'),(125,10,'Ace Combat Zero: The Belkan War'),(126,1,'Ace Combat: Assault Horizon'),(127,10,'Ace Combat: Assault Horizon Legacy'),(128,10,'Ace Combat: Joint Assault'),(129,12,'Achtung Panzer: Kharkov 1943'),(130,12,'Act of Aggression'),(131,1,'Action Bass'),(132,1,'Action Force'),(133,11,'Active Health with Carol Vorderman'),(134,11,'Active Life Explorer'),(135,11,'Active Life: Extreme Challenge'),(136,4,'Active Life: Magical Carnival'),(137,11,'Active Life: Outdoor Challenge'),(138,4,'Activision Anthology'),(139,4,'Activision Hits: Remixed'),(140,11,'Actua Tennis'),(141,11,'Adidas Power Soccer'),(142,11,'Adidas Power Soccer 98'),(143,7,'Adrenalin Misfits'),(144,8,'Advance Guardian Heroes');
/*!40000 ALTER TABLE `game` ENABLE KEYS */;
UNLOCK TABLES;

--
-- Table structure for table `game_platform`
--

DROP TABLE IF EXISTS `game_platform`;
/*!40101 SET @saved_cs_client     = @@character_set_client */;
/*!40101 SET character_set_client = utf8 */;
CREATE TABLE `game_platform` (
  `id` int(11) NOT NULL AUTO_INCREMENT,
  `game_publisher_id` int(11) DEFAULT NULL,
  `platform_id` int(11) DEFAULT NULL,
  `release_year` int(11) DEFAULT NULL,
  PRIMARY KEY (`id`),
  KEY `idx_gpl_gpid` (`game_publisher_id`),
  KEY `idx_gpl_platformid` (`platform_id`),
  CONSTRAINT `fk_gpl_gp` FOREIGN KEY (`game_publisher_id`) REFERENCES `game_publisher` (`id`),
  CONSTRAINT `fk_gpl_pla` FOREIGN KEY (`platform_id`) REFERENCES `platform` (`id`)
) ENGINE=InnoDB AUTO_INCREMENT=16384 DEFAULT CHARSET=utf8;
/*!40101 SET character_set_client = @saved_cs_client */;

--
-- Dumping data for table `game_platform`
--

LOCK TABLES `game_platform` WRITE;
/*!40000 ALTER TABLE `game_platform` DISABLE KEYS */;
INSERT INTO `game_platform` VALUES (1,8564,4,2007),(2,9852,4,2007),(3,11063,7,2006),(4,9065,15,2011),(5,9544,15,2011),(6,11623,15,2009),(7,1977,16,1981),(8,3833,16,1981),(9,3838,16,1982),(10,4755,16,1982),(11,5034,16,1981),(12,9762,15,2008),(13,3647,7,2002),(14,3687,7,2003),(15,5747,7,2001),(16,5788,7,2000),(17,6318,7,2001),(18,6544,7,2001),(19,6657,7,2001),(20,7051,7,2002),(21,7172,7,2000),(22,8175,7,2002),(23,8750,7,2001),(24,9032,7,2002),(25,9522,7,2001),(26,1952,12,1999),(27,3341,12,2000),(28,3532,12,1999),(29,3913,12,1998),(30,4854,12,2000),(31,1241,13,1999),(32,1867,13,1999),(33,1952,13,1999),(34,2559,13,2000),(35,2705,13,2000),(36,3231,13,2001),(37,3341,13,2000),(38,4136,13,2000),(39,4186,13,2000),(40,4683,13,1999),(41,5747,13,2001),(42,5788,13,2000),(43,6544,13,2001),(44,7384,13,2001),(45,8181,13,1998),(46,9470,13,2001),(47,3687,14,2003),(48,11522,19,2003),(49,9440,5,2009),(50,107,1,2010),(51,427,1,2007),(52,1824,1,2008),(53,2608,1,2010),(54,2799,1,2008),(55,2909,1,2010),(56,3186,1,2007),(57,3555,1,2009),(58,4647,1,2009),(59,4923,1,2009),(60,4997,1,2007),(61,5626,1,2009),(62,6066,1,2007),(63,6549,1,2010),(64,7060,1,2011),(65,7309,1,2009),(66,7349,1,2009),(67,7553,1,2008),(68,7802,1,2009),(69,8088,1,2009),(70,8145,1,2012),(71,8283,1,2007),(72,8318,1,2007),(73,8410,1,2006),(74,9286,1,2007),(75,9297,1,2007),(76,9307,1,2007),(77,9493,1,2007),(78,10368,1,2009),(79,10721,1,2006),(80,140,4,2006),(81,312,4,2007),(82,839,4,2009),(83,1147,4,2009),(84,2207,4,2009),(85,2281,4,2010),(86,2524,4,2007),(87,2608,4,2010),(88,3199,4,2009),(89,3847,4,2008),(90,3954,4,2009),(91,4602,4,2007),(92,4923,4,2008),(93,5044,4,2008),(94,5269,4,2009),(95,5328,4,2011),(96,5579,4,2010),(97,5765,4,2007),(98,5881,4,2010),(99,6041,4,2007),(100,6185,4,2005),(101,6206,4,2005),(102,6231,4,2008),(103,6365,4,2007),(104,6409,4,2006),(105,6611,4,2007),(106,7060,4,2011),(107,7067,4,2011),(108,7107,4,2007),(109,7118,4,2005),(110,7147,4,2010),(111,7227,4,2010),(112,7317,4,2007),(113,7440,4,2006),(114,7802,4,2009),(115,7997,4,2011),(116,8000,4,2009),(117,8059,4,2005),(118,8064,4,2009),(119,8156,4,2009),(120,8216,4,2009),(121,8273,4,2005),(122,8286,4,2009),(123,8362,4,2005),(124,8405,4,2006),(125,8466,4,2006),(126,8512,4,2010),(127,8520,4,2008),(128,8921,4,2008),(129,9369,4,2010),(130,9469,4,2009),(131,9489,4,2009),(132,9623,4,2007),(133,9876,4,2008),(134,10224,4,2006),(135,10368,4,2009),(136,10516,4,2007),(137,10631,4,2005),(138,10694,4,2010),(139,10696,4,2009),(140,10999,4,2006),(141,11086,4,2007),(142,11278,4,2006),(143,11499,4,2006),(144,11577,4,2007),(145,107,5,2010),(146,1663,5,2012),(147,2143,5,2013),(148,2207,5,2009),(149,2249,5,2014),(150,2527,5,2013),(151,3186,5,2010),(152,3229,5,2010),(153,3898,5,2011),(154,4759,5,2007),(155,5306,5,2011),(156,5550,5,2012),(157,5869,5,2010),(158,5954,5,2011),(159,6527,5,2011),(160,6674,5,2011),(161,6707,5,2011),(162,6738,5,2011),(163,7060,5,2011),(164,7103,5,2011),(165,7523,5,2010),(166,7677,5,2008),(167,7740,5,2008),(168,8145,5,2012),(169,8492,5,2011),(170,8712,5,2012),(171,9025,5,2010),(172,107,6,2010),(173,1663,6,2012),(174,2143,6,2013),(175,2207,6,2009),(176,2249,6,2014),(177,2527,6,2013),(178,3186,6,2010),(179,3229,6,2010),(180,3898,6,2011),(181,4759,6,2006),(182,5954,6,2011),(183,6707,6,2011),(184,7740,6,2008),(185,8466,6,2011),(186,8712,6,2012),(187,3186,7,2007),(188,4240,7,2002),(189,4386,7,2006),(190,5103,7,2004),(191,5611,7,2004),(192,5705,7,2005),(193,6283,7,2005),(194,6749,7,2006),(195,7282,7,2003),(196,7455,7,2004),(197,7467,7,2006),(198,7751,7,2005),(199,7953,7,2004),(200,8097,7,2004),(201,8448,7,2004),(202,8756,7,2006),(203,9160,7,2007),(204,9731,7,2005),(205,9971,7,2006),(206,10114,7,2004),(207,10392,7,2005),(208,10626,7,2006),(209,2143,10,2016),(210,2450,10,2011),(211,7184,10,2011),(212,2143,11,2014),(213,2249,11,2014),(214,2527,11,2015),(215,4976,11,2016),(216,6620,11,2015),(217,9045,11,2016),(218,9021,14,2004),(219,2527,15,2013),(220,4976,15,2016),(221,6299,15,2009),(222,9981,15,2009),(223,2207,17,2009),(224,3186,17,2007),(225,6311,17,2006),(226,6426,17,2007),(227,6443,17,2006),(228,6488,17,2005),(229,7587,17,2006),(230,7799,17,2006),(231,9054,17,2004),(232,9968,17,2004),(233,2143,18,2014),(234,2249,18,2014),(235,2527,18,2015),(236,4976,18,2016),(237,6620,18,2015),(238,9045,18,2016),(239,1663,20,2013),(240,2143,20,2016),(241,6707,23,2012),(242,7194,5,2012),(243,7921,5,2011),(244,8554,5,2013),(245,8617,5,2009),(246,9516,5,2010),(247,9609,5,2011),(248,9742,5,2009),(249,10468,5,2009),(250,10528,5,2009),(251,10569,5,2011),(252,10979,5,2010),(253,11087,5,2010),(254,11167,5,2010),(255,11254,5,2010),(256,11617,5,2011),(257,7194,6,2012),(258,7921,6,2012),(259,8554,6,2013),(260,8975,6,2015),(261,10054,6,2014),(262,10167,6,2013),(263,10386,6,2015),(264,10569,6,2011),(265,11605,6,2012),(266,11644,6,2012),(267,8447,7,2010),(268,9663,7,2008),(269,10923,7,2008),(270,11211,7,2008),(271,11268,7,2009),(272,11635,7,2009),(273,11706,7,2008),(274,9129,10,2015),(275,8975,11,2015),(276,7921,17,2012),(277,9129,17,2010),(278,9427,17,2011),(279,9516,17,2011),(280,9742,17,2010),(281,10488,17,2012),(282,10528,17,2010),(283,10835,17,2010),(284,11099,17,2011),(285,11587,17,2008),(286,11605,17,2012),(287,11634,17,2009),(288,11374,18,2014),(289,7194,23,2014),(290,8975,23,2015),(291,9742,23,2014),(292,10054,23,2014),(293,10232,23,2015),(294,10465,23,2013),(295,10736,23,2016),(296,10951,23,2015),(297,11177,23,2014),(298,11198,23,2016),(299,11214,23,2015),(300,11348,23,2015),(301,11458,23,2013),(302,11705,23,2014),(303,10290,1,2011),(304,10857,1,2011),(305,10857,4,2011),(306,11732,4,2010),(307,3613,13,1999),(308,590,13,1998),(309,804,13,1999),(310,853,13,1998),(311,1010,13,1998),(312,1242,13,1999),(313,1382,13,1998),(314,1781,13,1999),(315,3009,13,1999),(316,3150,13,1998),(317,3298,13,1997),(318,3463,13,1999),(319,3467,13,1999),(320,3796,13,1998),(321,7608,13,1997),(322,7964,6,2010),(323,525,7,2001),(324,1135,7,2003),(325,1148,7,2001),(326,1215,7,2002),(327,1878,7,2002),(328,1889,7,2003),(329,2046,7,2002),(330,2070,7,2001),(331,2097,7,2001),(332,2640,7,2001),(333,3317,7,2003),(334,3474,7,2001),(335,3792,7,2002),(336,3825,7,2000),(337,3901,7,2002),(338,4196,7,2004),(339,4420,7,2003),(340,4505,7,2001),(341,4807,7,2003),(342,4932,7,2001),(343,5033,7,2002),(344,5113,7,2001),(345,5871,7,2000),(346,5965,7,2002),(347,6095,7,2001),(348,6245,7,2002),(349,6346,7,2001),(350,6843,7,2003),(351,6964,7,2004),(352,7059,7,2004),(353,7108,7,2004),(354,7506,7,2003),(355,8517,7,2003),(356,737,8,1993),(357,1009,8,1994),(358,1135,8,1994),(359,1465,8,1995),(360,1148,9,2001),(361,1215,9,2002),(362,2046,9,2002),(363,3317,9,2003),(364,3901,9,2002),(365,5270,9,2002),(366,6952,9,2002),(367,9180,9,2002),(368,9253,9,2002),(369,10320,9,2002),(370,344,12,1998),(371,769,12,1997),(372,821,12,1999),(373,1430,12,1998),(374,1548,12,1997),(375,2164,12,1999),(376,2436,12,1998),(377,2526,12,1997),(378,2991,12,2000),(379,2998,12,1998),(380,3472,12,1999),(381,3529,12,1999),(382,3531,12,1998),(383,3653,12,1999),(384,3737,12,2000),(385,3970,12,1998),(386,3974,12,1998),(387,4105,12,1999),(388,4272,12,1998),(389,4489,12,1998),(390,4490,12,1999),(391,4618,12,1999),(392,4937,12,2000),(393,5389,12,1997),(394,5465,12,1999),(395,5821,12,2000),(396,6603,12,1999),(397,6818,12,2000),(398,7951,12,1998),(399,7952,12,1998),(400,9293,12,1997),(401,344,13,1998),(402,821,13,1998),(403,1430,13,1998),(404,1465,13,1995),(405,1569,13,2000),(406,1578,13,2000),(407,1586,13,1998),(408,1748,13,1996),(409,2164,13,2000),(410,2339,13,2000),(411,2411,13,1996),(412,2991,13,1999),(413,3020,13,1996),(414,3737,13,1998),(415,3970,13,1996),(416,3974,13,1997),(417,4013,13,1997),(418,4105,13,1998),(419,4452,13,2001),(420,4490,13,1998),(421,4618,13,2000),(422,4632,13,2000),(423,4864,13,1998),(424,5063,13,1998),(425,5064,13,1996),(426,5094,13,1996),(427,5198,13,2000),(428,5247,13,1998),(429,5389,13,1995),(430,5465,13,1998),(431,5547,13,1995),(432,5752,13,1995),(433,6048,13,1996),(434,6293,13,1996),(435,6332,13,2001),(436,6400,13,1996),(437,6489,13,2001),(438,6752,13,1997),(439,7022,13,1999),(440,7087,13,1998),(441,7179,13,1994),(442,7219,13,1995),(443,7277,13,1995),(444,7361,13,2001),(445,7880,13,1996),(446,8344,13,1997),(447,8561,13,1995),(448,8625,13,2001),(449,8768,13,1996),(450,8887,13,1995),(451,9893,13,1996),(452,10028,13,1996),(453,10129,13,2001),(454,10932,13,1997),(455,1135,14,2003),(456,1148,14,2001),(457,1215,14,2002),(458,1878,14,2003),(459,1889,14,2003),(460,2046,14,2002),(461,2070,14,2002),(462,2097,14,2002),(463,3317,14,2003),(464,3792,14,2002),(465,3901,14,2002),(466,4196,14,2004),(467,4675,14,2004),(468,4807,14,2003),(469,6245,14,2002),(470,6843,14,2003),(471,7108,14,2004),(472,7506,14,2003),(473,8517,14,2003),(474,9441,14,2003),(475,10316,14,2003),(476,11290,15,1994),(477,525,19,2001),(478,1148,19,2001),(479,1215,19,2002),(480,1878,19,2003),(481,1889,19,2003),(482,2046,19,2002),(483,2070,19,2002),(484,2097,19,2002),(485,2640,19,2001),(486,3317,19,2003),(487,3474,19,2002),(488,3792,19,2002),(489,3901,19,2002),(490,4505,19,2001),(491,4807,19,2003),(492,4932,19,2002),(493,5033,19,2003),(494,5113,19,2001),(495,6245,19,2002),(496,7506,19,2003),(497,8517,19,2003),(498,9180,19,2002),(499,9441,19,2003),(500,10316,19,2003),(501,1009,21,1994),(502,1465,21,1994),(503,6386,22,2000),(504,4693,24,1994),(505,5247,24,1995),(506,7339,24,1995),(507,1222,13,1997),(508,5541,13,1999),(509,5576,13,1996),(510,6973,1,2010),(511,7990,1,2011),(512,8143,4,2009),(513,3866,6,2011),(514,8199,6,2012),(515,11301,6,2012),(516,8533,10,2012),(517,8199,17,2012),(518,9562,17,2012),(519,10279,17,2012),(520,6548,6,2010),(521,10492,6,2010),(522,11028,6,2011),(523,9094,7,2006),(524,8878,10,2011),(525,7003,11,2014),(526,6325,17,2008),(527,6361,17,2011),(528,6548,17,2010),(529,7673,17,2012),(530,7895,17,2009),(531,7963,17,2011),(532,7969,17,2012),(533,29,1,2011),(534,31,1,2010),(535,90,1,2008),(536,181,1,2007),(537,301,1,2008),(538,398,1,2008),(539,444,1,2011),(540,494,1,2012),(541,530,1,2006),(542,578,1,2013),(543,775,1,2010),(544,970,1,2009),(545,1011,1,2009),(546,1050,1,2008),(547,1107,1,2009),(548,1133,1,2009),(549,1233,1,2008),(550,1458,1,2007),(551,1549,1,2009),(552,1559,1,2014),(553,1615,1,2010),(554,1648,1,2009),(555,1700,1,2009),(556,1703,1,2009),(557,1770,1,2009),(558,1785,1,2007),(559,1916,1,2012),(560,1923,1,2010),(561,2088,1,2008),(562,2104,1,2009),(563,2122,1,2009),(564,2200,1,2009),(565,2220,1,2007),(566,2292,1,2007),(567,2392,1,2007),(568,2453,1,2010),(569,2470,1,2009),(570,2548,1,2010),(571,2587,1,2009),(572,2643,1,2010),(573,2668,1,2010),(574,2669,1,2006),(575,2702,1,2008),(576,2752,1,2010),(577,2872,1,2009),(578,2925,1,2009),(579,2954,1,2010),(580,3005,1,2015),(581,3057,1,2007),(582,3133,1,2007),(583,3158,1,2010),(584,3174,1,2007),(585,3347,1,2008),(586,3353,1,2008),(587,3405,1,2008),(588,3452,1,2012),(589,3478,1,2007),(590,3487,1,2010),(591,3516,1,2008),(592,3559,1,2009),(593,3602,1,2011),(594,3614,1,2010),(595,3676,1,2011),(596,3776,1,2013),(597,3884,1,2011),(598,4058,1,2010),(599,4086,1,2008),(600,4148,1,2011),(601,4216,1,2009),(602,4401,1,2010),(603,4407,1,2010),(604,4717,1,2011),(605,4750,1,2011),(606,4751,1,2009),(607,4829,1,2007),(608,4845,1,2007),(609,4939,1,2008),(610,4984,1,2009),(611,5068,1,2008),(612,5170,1,2008),(613,5200,1,2011),(614,5271,1,2010),(615,5397,1,2011),(616,5476,1,2009),(617,5588,1,2009),(618,5593,1,2009),(619,5650,1,2011),(620,5693,1,2008),(621,5813,1,2012),(622,5975,1,2006),(623,5980,1,2009),(624,6056,1,2009),(625,6067,1,2008),(626,6072,1,2009),(627,6189,1,2011),(628,6430,1,2009),(629,6490,1,2011),(630,6724,1,2008),(631,6792,1,2009),(632,7009,1,2008),(633,7048,1,2007),(634,7124,1,2009),(635,7185,1,2009),(636,7316,1,2008),(637,7337,1,2008),(638,7407,1,2011),(639,7724,1,2010),(640,7907,1,2010),(641,8121,1,2008),(642,177,3,2000),(643,31,4,2010),(644,62,4,2007),(645,90,4,2008),(646,282,4,2008),(647,329,4,2008),(648,337,4,2004),(649,398,4,2008),(650,775,4,2010),(651,950,4,2011),(652,967,4,2008),(653,1050,4,2008),(654,1107,4,2009),(655,1133,4,2009),(656,1211,4,2005),(657,1285,4,2007),(658,1589,4,2010),(659,1648,4,2009),(660,1770,4,2009),(661,1785,4,2007),(662,1916,4,2012),(663,2088,4,2008),(664,2104,4,2009),(665,2122,4,2009),(666,2133,4,2005),(667,2146,4,2010),(668,2195,4,2011),(669,2292,4,2007),(670,2424,4,2010),(671,2548,4,2010),(672,2668,4,2010),(673,2676,4,2010),(674,2702,4,2008),(675,2752,4,2010),(676,2759,4,2006),(677,2872,4,2009),(678,2925,4,2009),(679,2929,4,2005),(680,2954,4,2010),(681,3057,4,2007),(682,3095,4,2011),(683,3133,4,2007),(684,3140,4,2012),(685,3158,4,2010),(686,3163,4,2009),(687,3174,4,2007),(688,3233,4,2007),(689,3296,4,2009),(690,3353,4,2008),(691,3397,4,2006),(692,3405,4,2008),(693,3478,4,2007),(694,3487,4,2010),(695,3516,4,2008),(696,3559,4,2009),(697,3605,4,2009),(698,3869,4,2009),(699,3884,4,2011),(700,4058,4,2010),(701,4086,4,2008),(702,4158,4,2011),(703,4199,4,2011),(704,4314,4,2011),(705,4329,4,2010),(706,4380,4,2007),(707,4401,4,2010),(708,4681,4,2010),(709,4717,4,2011),(710,4750,4,2011),(711,4751,4,2009),(712,4788,4,2010),(713,4845,4,2007),(714,4861,4,2005),(715,4973,4,2007),(716,4984,4,2009),(717,5071,4,2006),(718,5238,4,2008),(719,5248,4,2008),(720,5357,4,2011),(721,5476,4,2009),(722,5593,4,2009),(723,5654,4,2011),(724,5888,4,2008),(725,5962,4,2005),(726,5980,4,2009),(727,6072,4,2009),(728,6189,4,2011),(729,6240,4,2010),(730,6253,4,2013),(731,6407,4,2011),(732,6430,4,2009),(733,6534,4,2010),(734,6545,4,2006),(735,6626,4,2006),(736,6648,4,2010),(737,7124,4,2009),(738,7185,4,2009),(739,7190,4,2007),(740,7221,4,2011),(741,7337,4,2008),(742,7407,4,2011),(743,7705,4,2011),(744,7724,4,2010),(745,7811,4,2009),(746,7825,4,2011),(747,7882,4,2009),(748,8121,4,2008),(749,8170,4,2011),(750,8960,4,2010),(751,9704,4,2006),(752,10854,4,2007),(753,29,5,2011),(754,31,5,2010),(755,33,5,2015),(756,34,5,2012),(757,35,5,2009),(758,54,5,2013),(759,62,5,2007),(760,85,5,2014),(761,90,5,2008),(762,141,5,2014),(763,162,5,2013),(764,181,5,2007),(765,282,5,2008),(766,301,5,2008),(767,398,5,2008),(768,444,5,2011),(769,477,5,2006),(770,494,5,2012),(771,530,5,2006),(772,578,5,2013),(773,621,5,2007),(774,705,5,2005),(775,750,5,2015),(776,970,5,2009),(777,1050,5,2008),(778,1107,5,2009),(779,1133,5,2009),(780,1209,5,2009),(781,1233,5,2008),(782,1458,5,2007),(783,1549,5,2009),(784,1559,5,2014),(785,1615,5,2010),(786,1648,5,2009),(787,1700,5,2009),(788,1703,5,2009),(789,1747,5,2011),(790,1770,5,2009),(791,1785,5,2007),(792,1841,5,2006),(793,1916,5,2012),(794,1923,5,2010),(795,1949,5,2015),(796,1968,5,2012),(797,1970,5,2011),(798,2087,5,2009),(799,2088,5,2008),(800,2101,5,2010),(801,2146,5,2010),(802,2200,5,2009),(803,2220,5,2007),(804,2292,5,2007),(805,2368,5,2009),(806,2373,5,2013),(807,2390,5,2012),(808,2410,5,2005),(809,2470,5,2009),(810,2548,5,2010),(811,2561,5,2010),(812,2643,5,2010),(813,2668,5,2010),(814,2669,5,2006),(815,2706,5,2014),(816,2752,5,2010),(817,2872,5,2009),(818,2925,5,2009),(819,2954,5,2010),(820,3005,5,2015),(821,3029,5,2013),(822,3057,5,2007),(823,3148,5,2008),(824,3158,5,2010),(825,3174,5,2007),(826,3208,5,2012),(827,3397,5,2006),(828,3405,5,2008),(829,3452,5,2012),(830,3478,5,2007),(831,3487,5,2010),(832,3559,5,2009),(833,3602,5,2011),(834,3626,5,2005),(835,3676,5,2011),(836,3722,5,2012),(837,3776,5,2013),(838,3884,5,2011),(839,4058,5,2010),(840,4148,5,2011),(841,4216,5,2009),(842,4322,5,2012),(843,4529,5,2014),(844,4717,5,2011),(845,4750,5,2011),(846,4845,5,2007),(847,4973,5,2007),(848,5109,5,2015),(849,5142,5,2010),(850,5170,5,2011),(851,5194,5,2014),(852,5200,5,2011),(853,5271,5,2010),(854,5360,5,2015),(855,5377,5,2007),(856,5397,5,2011),(857,5476,5,2009),(858,5588,5,2009),(859,5650,5,2011),(860,5755,5,2008),(861,5763,5,2011),(862,5975,5,2006),(863,6173,5,2008),(864,6189,5,2011),(865,6438,5,2006),(866,6567,5,2008),(867,6605,5,2006),(868,6724,5,2008),(869,6986,5,2010),(870,7009,5,2006),(871,7042,5,2011),(872,7048,5,2007),(873,7347,5,2012),(874,7407,5,2011),(875,7419,5,2010),(876,7519,5,2014),(877,7744,5,2015),(878,8201,5,2016),(879,8615,5,2013),(880,8773,5,2010),(881,9288,5,2013),(882,10124,5,2015),(883,10127,5,2014),(884,10513,5,2011),(885,10981,5,2016),(886,29,6,2011),(887,31,6,2010),(888,33,6,2015),(889,34,6,2012),(890,35,6,2009),(891,54,6,2013),(892,62,6,2007),(893,85,6,2014),(894,90,6,2008),(895,141,6,2014),(896,162,6,2013),(897,181,6,2007);
/*!40000 ALTER TABLE `game_platform` ENABLE KEYS */;
UNLOCK TABLES;

--
-- Table structure for table `game_publisher`
--

DROP TABLE IF EXISTS `game_publisher`;
/*!40101 SET @saved_cs_client     = @@character_set_client */;
/*!40101 SET character_set_client = utf8 */;
CREATE TABLE `game_publisher` (
  `id` int(11) NOT NULL AUTO_INCREMENT,
  `game_id` int(11) DEFAULT NULL,
  `publisher_id` int(11) DEFAULT NULL,
  PRIMARY KEY (`id`),
  KEY `idx_gpu_gameid` (`game_id`),
  KEY `idx_gpu_platformid` (`publisher_id`),
  CONSTRAINT `fk_gpu_gam` FOREIGN KEY (`game_id`) REFERENCES `game` (`id`),
  CONSTRAINT `fk_gpu_pub` FOREIGN KEY (`publisher_id`) REFERENCES `publisher` (`id`)
) ENGINE=InnoDB AUTO_INCREMENT=16384 DEFAULT CHARSET=utf8;
/*!40101 SET character_set_client = @saved_cs_client */;

--
-- Dumping data for table `game_publisher`
--

LOCK TABLES `game_publisher` WRITE;
/*!40000 ALTER TABLE `game_publisher` DISABLE KEYS */;
INSERT INTO `game_publisher` VALUES (1,10866,369),(2,9244,369),(3,5464,369),(4,10868,369),(5,7282,369),(6,9603,369),(7,6573,369),(8,10864,369),(9,6576,369),(10,2556,369),(11,6729,369),(12,5463,369),(13,7265,369),(14,10858,369),(15,10859,369),(16,4866,328),(17,3661,498),(18,3665,498),(19,9258,369),(20,992,369),(21,7262,369),(22,9251,369),(23,9246,369),(24,3666,498),(25,7283,369),(26,7254,369),(27,990,369),(28,3642,464),(29,1199,17),(30,7294,369),(31,1193,17),(32,7292,369),(33,1194,17),(34,1195,17),(35,1198,17),(36,3659,498),(37,9332,369),(38,330,369),(39,5461,369),(40,3847,328),(41,7266,369),(42,9240,369),(43,3643,464),(44,9248,369),(45,7274,369),(46,9252,369),(47,3660,498),(48,3639,464),(49,9238,369),(50,3645,464),(51,9242,369),(52,7264,369),(53,4660,532),(54,1197,17),(55,3855,328),(56,5460,369),(57,6574,369),(58,3849,328),(59,3128,464),(60,4655,532),(61,3641,464),(62,1190,17),(63,2284,369),(64,5821,328),(65,329,369),(66,5480,369),(67,9696,65),(68,9250,369),(69,3042,139),(70,10862,369),(71,3845,328),(72,5477,369),(73,7253,369),(74,3057,139),(75,9957,139),(76,3613,369),(77,5449,452),(78,3131,464),(79,3130,475),(80,7277,369),(81,6943,54),(82,3663,498),(83,9249,369),(84,8987,139),(85,1192,17),(86,9851,369),(87,1628,464),(88,9245,369),(89,9333,369),(90,1206,17),(91,702,139),(92,9860,369),(93,4654,532),(94,6510,139),(95,9546,464),(96,1630,464),(97,9334,369),(98,5462,369),(99,2914,65),(100,5465,369),(101,4661,532),(102,3040,139),(103,6511,139),(104,5587,139),(105,10539,464),(106,1627,464),(107,11355,7),(108,3462,328),(109,10538,464),(110,3039,139),(111,782,369),(112,7749,498),(113,3041,139),(114,2289,369),(115,9843,369),(116,475,532),(117,3853,328),(118,7263,369),(119,4890,464),(120,7260,369),(121,3848,328),(122,9257,369),(123,9107,82),(124,10995,17),(125,2524,209),(126,4869,328),(127,3463,328),(128,3461,328),(129,5710,282),(130,8775,452),(131,5714,282),(132,5709,282),(133,9820,466),(134,3145,474),(135,5184,464),(136,2437,369),(137,5123,296),(138,7791,551),(139,9545,464),(140,1583,7),(141,2028,17),(142,473,532),(143,9331,369),(144,470,532),(145,656,558),(146,3251,328),(147,5978,82),(148,9241,369),(149,5466,369),(150,7287,369),(151,1633,538),(152,5821,464),(153,3148,474),(154,2354,369),(155,7275,369),(156,3117,475),(157,3134,139),(158,2281,369),(159,7486,369),(160,10230,138),(161,2453,474),(162,2071,17),(163,6575,369),(164,9253,369),(165,9854,369),(166,2286,369),(167,10240,369),(168,5589,139),(169,4929,369),(170,2893,328),(171,5775,328),(172,3755,435),(173,7796,82),(174,3667,498),(175,3056,139),(176,7787,551),(177,10252,17),(178,10788,138),(179,8938,464),(180,5162,369),(181,3756,17),(182,2911,65),(183,7270,369),(184,10541,464),(185,5319,139),(186,2079,369),(187,5977,82),(188,3576,464),(189,9039,17),(190,1641,464),(191,3043,139),(192,2526,54),(193,9940,554),(194,10253,17),(195,327,369),(196,9873,139),(197,3253,328),(198,10227,138),(199,9845,369),(200,9858,369),(201,5450,452),(202,5267,369),(203,8885,369),(204,9820,464),(205,5336,139),(206,7211,17),(207,5320,139),(208,8873,17),(209,2452,145),(210,10543,464),(211,3573,464),(212,6725,369),(213,5766,532),(214,10255,17),(215,10892,282),(216,9694,498),(217,11298,369),(218,6516,139),(219,7821,464),(220,8774,452),(221,4893,474),(222,492,54),(223,2892,328),(224,3850,328),(225,9239,369),(226,655,138),(227,482,532),(228,6247,352),(229,5712,282),(230,1885,464),(231,10743,17),(232,3050,139),(233,2849,464),(234,10540,464),(235,3646,464),(236,9108,82),(237,9528,393),(238,2822,369),(239,3292,217),(240,5334,139),(241,10791,532),(242,3840,554),(243,9259,369),(244,3051,139),(245,9855,369),(246,9104,82),(247,1252,498),(248,10999,17),(249,2918,65),(250,3575,464),(251,3250,328),(252,11024,282),(253,6257,464),(254,9552,352),(255,2975,532),(256,8961,369),(257,5821,466),(258,3617,369),(259,7487,369),(260,5075,139),(261,6260,352),(262,2638,139),(263,484,532),(264,2296,369),(265,10260,17),(266,477,532),(267,5973,369),(268,6075,464),(269,9549,352),(270,2467,145),(271,8916,464),(272,6397,498),(273,11022,282),(274,3197,369),(275,6255,464),(276,9847,369),(277,5442,369),(278,783,369),(279,6730,369),(280,657,558),(281,5448,452),(282,5106,17),(283,7802,551),(284,7677,464),(285,4656,532),(286,9982,139),(287,9275,369),(288,3908,139),(289,10031,352),(290,7793,138),(291,8944,464),(292,3062,139),(293,7290,369),(294,703,139),(295,6209,139),(296,3288,369),(297,10256,17),(298,5781,498),(299,606,369),(300,8720,464),(301,3766,17),(302,3647,464),(303,4424,464),(304,7286,369),(305,3055,139),(306,7441,282),(307,7794,82),(308,10226,532),(309,9007,296),(310,2308,551),(311,9941,139),(312,1584,7),(313,5266,369),(314,9008,296),(315,11108,514),(316,1682,168),(317,9718,464),(318,10231,138),(319,4437,139),(320,5125,138),(321,8028,514),(322,8935,464),(323,5074,139),(324,2288,369),(325,481,532),(326,5009,369),(327,1481,369),(328,706,139),(329,3761,17),(330,2974,532),(331,5972,82),(332,973,498),(333,9548,352),(334,5185,464),(335,3658,498),(336,3113,475),(337,8865,17),(338,2857,369),(339,3059,139),(340,1634,464),(341,5096,558),(342,5718,282),(343,9856,369),(344,11111,13),(345,9849,369),(346,7490,369),(347,8034,514),(348,2733,369),(349,4441,139),(350,7665,464),(351,5478,369),(352,8995,296),(353,5544,498),(354,9871,139),(355,478,532),(356,10417,17),(357,10861,369),(358,3640,464),(359,5986,82),(360,9544,464),(361,5039,498),(362,5329,139),(363,11193,369),(364,15,139),(365,635,369),(366,4846,369),(367,11109,514),(368,1678,474),(369,3579,464),(370,2450,145),(371,1787,345),(372,2739,54),(373,9254,369),(374,7837,369),(375,119,466),(376,1478,126),(377,325,369),(378,8772,452),(379,7798,82),(380,3856,328),(381,3052,139),(382,8864,17),(383,6508,139),(384,8991,369),(385,7074,369),(386,9694,532),(387,2468,145),(388,3989,464),(389,5527,139),(390,2381,54),(391,5333,139),(392,10977,352),(393,974,498),(394,9844,369),(395,2280,369),(396,9983,139),(397,5528,139),(398,5011,17),(399,2742,126),(400,8094,514),(401,7692,532),(402,4854,464),(403,10216,532),(404,5808,369),(405,11097,514),(406,3465,328),(407,6394,498),(408,2386,54),(409,5780,558),(410,8960,369),(411,9978,139),(412,11018,282),(413,2056,82),(414,328,369),(415,9968,139),(416,9032,139),(417,8762,452),(418,4923,369),(419,4089,138),(420,10795,369),(421,8718,464),(422,11099,514),(423,4309,464),(424,6948,54),(425,5526,328),(426,10773,369),(427,1588,7),(428,10123,139),(429,8766,452),(430,8289,452),(431,11020,282),(432,4136,464),(433,1196,17),(434,11356,300),(435,9396,464),(436,4248,532),(437,1510,91),(438,5327,139),(439,9693,532),(440,6024,558),(441,2860,369),(442,11208,369),(443,1538,551),(444,8646,17),(445,807,498),(446,5324,139),(447,5579,139),(448,11098,514),(449,5751,369),(450,3158,514),(451,6216,433),(452,6514,139),(453,4255,532),(454,11096,514),(455,9030,296),(456,11206,369),(457,4134,464),(458,4855,464),(459,89,464),(460,11110,514),(461,2449,145),(462,6030,209),(463,6457,139),(464,7488,369),(465,5985,369),(466,4425,464),(467,4312,464),(468,7673,464),(469,9550,352),(470,9942,139),(471,8752,452),(472,8097,514),(473,5849,54),(474,5468,369),(475,7288,369),(476,5748,369),(477,1189,17),(478,6862,551),(479,6032,558),(480,5469,369),(481,5326,139),(482,5121,296),(483,5325,139),(484,5494,369),(485,8630,139),(486,1099,139),(487,11194,288),(488,6521,139),(489,3149,474),(490,6024,37),(491,1188,17),(492,2891,328),(493,3884,126),(494,8644,17),(495,5581,139),(496,9247,369),(497,9026,369),(498,5787,498),(499,6959,464),(500,3852,328),(501,3574,464),(502,2769,452),(503,5485,369),(504,6393,498),(505,9148,369),(506,3901,139),(507,9243,369),(508,9117,452),(509,3053,139),(510,7670,464),(511,6442,139),(512,4858,464),(513,3516,498),(514,5976,82),(515,11092,514),(516,7678,464),(517,456,369),(518,2367,139),(519,5321,139),(520,8749,452),(521,2466,145),(522,7258,369),(523,1948,282),(524,5322,139),(525,1659,13),(526,7062,369),(527,3431,330),(528,2464,82),(529,10228,474),(530,5515,17),(531,7077,282),(532,5471,369),(533,7944,498),(534,5103,558),(535,6034,330),(536,7817,464),(537,7529,126),(538,10234,138),(539,6395,498),(540,5473,369),(541,10485,514),(542,5786,498),(543,3124,475),(544,3119,475),(545,10466,464),(546,3854,328),(547,6507,139),(548,9974,139),(549,7876,433),(550,10215,532),(551,8747,452),(552,4219,369),(553,7444,282),(554,2382,54),(555,527,464),(556,2114,82),(557,6520,139),(558,9614,267),(559,7458,369),(560,10044,139),(561,6505,139),(562,5954,217),(563,658,558),(564,1895,119),(565,3752,435),(566,4873,328),(567,10810,514),(568,903,464),(569,6396,498),(570,11261,282),(571,3841,554),(572,9780,514),(573,10261,17),(574,4871,328),(575,4930,369),(576,2297,369),(577,2469,138),(578,8645,17),(579,11091,514),(580,6178,532),(581,7790,82),(582,9850,369),(583,4662,532),(584,5488,369),(585,3657,498),(586,4439,139),(587,10770,369),(588,6513,139),(589,1413,475),(590,1594,11),(591,5112,558),(592,3728,357),(593,7281,369),(594,3578,464),(595,7443,282),(596,4657,532),(597,11196,288),(598,5454,369),(599,10147,91),(600,6999,369),(601,8780,452),(602,9270,452),(603,4938,369),(604,10763,369),(605,6856,82),(606,1592,534),(607,7000,369),(608,2233,474);
/*!40000 ALTER TABLE `game_publisher` ENABLE KEYS */;
UNLOCK TABLES;

--
-- Table structure for table `genre`
--

DROP TABLE IF EXISTS `genre`;
/*!40101 SET @saved_cs_client     = @@character_set_client */;
/*!40101 SET character_set_client = utf8 */;
CREATE TABLE `genre` (
  `id` int(11) NOT NULL AUTO_INCREMENT,
  `genre_name` varchar(50) DEFAULT NULL,
  PRIMARY KEY (`id`)
) ENGINE=InnoDB AUTO_INCREMENT=16 DEFAULT CHARSET=utf8;
/*!40101 SET character_set_client = @saved_cs_client */;

--
-- Dumping data for table `genre`
--

LOCK TABLES `genre` WRITE;
/*!40000 ALTER TABLE `genre` DISABLE KEYS */;
INSERT INTO `genre` VALUES (1,'Action'),(2,'Adventure'),(3,'Fighting'),(4,'Misc'),(5,'Platform'),(6,'Puzzle'),(7,'Racing'),(8,'Role-Playing'),(9,'Shooter'),(10,'Simulation'),(11,'Sports'),(12,'Strategy');
/*!40000 ALTER TABLE `genre` ENABLE KEYS */;
UNLOCK TABLES;

--
-- Table structure for table `platform`
--

DROP TABLE IF EXISTS `platform`;
/*!40101 SET @saved_cs_client     = @@character_set_client */;
/*!40101 SET character_set_client = utf8 */;
CREATE TABLE `platform` (
  `id` int(11) NOT NULL AUTO_INCREMENT,
  `platform_name` varchar(50) DEFAULT NULL,
  PRIMARY KEY (`id`)
) ENGINE=InnoDB AUTO_INCREMENT=32 DEFAULT CHARSET=utf8;
/*!40101 SET character_set_client = @saved_cs_client */;

--
-- Dumping data for table `platform`
--

LOCK TABLES `platform` WRITE;
/*!40000 ALTER TABLE `platform` DISABLE KEYS */;
INSERT INTO `platform` VALUES (1,'Wii'),(2,'NES'),(3,'GB'),(4,'DS'),(5,'X360'),(6,'PS3'),(7,'PS2'),(8,'SNES'),(9,'GBA'),(10,'3DS'),(11,'PS4'),(12,'N64'),(13,'PS'),(14,'XB'),(15,'PC'),(16,'2600'),(17,'PSP'),(18,'XOne'),(19,'GC'),(20,'WiiU'),(21,'GEN'),(22,'DC'),(23,'PSV'),(24,'SAT'),(25,'SCD'),(26,'WS'),(27,'NG'),(28,'TG16'),(29,'3DO'),(30,'GG'),(31,'PCFX');
/*!40000 ALTER TABLE `platform` ENABLE KEYS */;
UNLOCK TABLES;

--
-- Table structure for table `publisher`
--

DROP TABLE IF EXISTS `publisher`;
/*!40101 SET @saved_cs_client     = @@character_set_client */;
/*!40101 SET character_set_client = utf8 */;
CREATE TABLE `publisher` (
  `id` int(11) NOT NULL AUTO_INCREMENT,
  `publisher_name` varchar(100) DEFAULT NULL,
  PRIMARY KEY (`id`)
) ENGINE=InnoDB AUTO_INCREMENT=1024 DEFAULT CHARSET=utf8;
/*!40101 SET character_set_client = @saved_cs_client */;

--
-- Dumping data for table `publisher`
--

LOCK TABLES `publisher` WRITE;
/*!40000 ALTER TABLE `publisher` DISABLE KEYS */;
INSERT INTO `publisher` VALUES (1,'10TACLE Studios'),(2,'1C Company'),(3,'20th Century Fox Video Games'),(4,'2D Boy'),(5,'3DO'),(6,'49Games'),(7,'505 Games'),(8,'5pb'),(9,'7G//AMES'),(10,'989 Sports'),(11,'989 Studios'),(12,'Abylight'),(13,'Acclaim Entertainment'),(14,'Accolade'),(15,'Ackkstudios'),(16,'Acquire'),(17,'Activision'),(18,'Activision Blizzard'),(19,'Activision Value'),(20,'Adeline Software'),(21,'Aerosoft'),(22,'Agatsuma Entertainment'),(23,'Agetec'),(24,'Aksys Games'),(25,'Alawar Entertainment'),(26,'Alchemist'),(27,'Alternative Software'),(28,'Altron'),(29,'Alvion'),(30,'American Softworks'),(31,'Angel Studios'),(32,'Answer Software'),(33,'AQ Interactive'),(34,'Aqua Plus'),(35,'Aques'),(36,'Arc System Works'),(37,'Arena Entertainment'),(38,'Aria'),(39,'Arika'),(40,'ArtDink'),(41,'Aruze Corp'),(42,'ASC Games'),(43,'Ascaron Entertainment'),(44,'Ascaron Entertainment GmbH'),(45,'ASCII Entertainment'),(46,'ASCII Media Works'),(47,'Asgard'),(48,'ASK'),(49,'Asmik Ace Entertainment'),(50,'Asmik Corp'),(51,'Aspyr'),(52,'Astragon'),(53,'Asylum Entertainment'),(54,'Atari'),(55,'Athena'),(56,'Atlus'),(57,'Avalon Interactive'),(58,'Avanquest'),(59,'Avanquest Software'),(60,'Axela'),(61,'BAM! Entertainment'),(62,'Banpresto'),(63,'Benesse'),(64,'Berkeley'),(65,'Bethesda Softworks'),(66,'Big Ben Interactive'),(67,'Big Fish Games'),(68,'Bigben Interactive'),(69,'bitComposer Games'),(70,'Black Bean Games'),(71,'Black Label Games'),(72,'Blast! Entertainment Ltd'),(73,'Blue Byte'),(74,'BMG Interactive Entertainment'),(75,'Bohemia Interactive'),(76,'Bomb'),(77,'Boost On'),(78,'BPS'),(79,'Brash Entertainment'),(80,'Broccoli'),(81,'BushiRoad'),(82,'Capcom'),(83,'Cave'),(84,'CBS Electronics'),(85,'CCP'),(86,'CDV Software Entertainment'),(87,'ChunSoft'),(88,'City Interactive'),(89,'Cloud Imperium Games Corporation'),(90,'Coconuts Japan'),(91,'Codemasters'),(92,'Codemasters Online'),(93,'CokeM Interactive'),(94,'Coleco'),(95,'Comfort'),(96,'Commseed'),(97,'Compile'),(98,'Compile Heart'),(99,'Conspiracy Entertainment'),(100,'Core Design Ltd.'),(101,'CPG Products'),(102,'Crave Entertainment'),(103,'Creative Core'),(104,'Crimson Cow'),(105,'Crystal Dynamics'),(106,'CTO SpA'),(107,'Culture Brain'),(108,'Culture Publishers'),(109,'CyberFront'),(110,'Cygames'),(111,'D3Publisher'),(112,'Daedalic'),(113,'Daedalic Entertainment'),(114,'Daito'),(115,'Data Age'),(116,'Data Design Interactive'),(117,'Data East'),(118,'Datam Polystar'),(119,'Deep Silver'),(120,'Destination Software, Inc'),(121,'Destineer'),(122,'Detn8 Games'),(123,'Devolver Digital'),(124,'DHM Interactive'),(125,'DigiCube'),(126,'Disney Interactive Studios'),(127,'Dorart'),(128,'dramatic create'),(129,'DreamCatcher Interactive'),(130,'DreamWorks Interactive'),(131,'DSI Games'),(132,'DTP Entertainment'),(133,'Dusenberry Martin Racing'),(134,'EA Games'),(135,'Easy Interactive'),(136,'Ecole'),(137,'Edia'),(138,'Eidos Interactive'),(139,'Electronic Arts'),(140,'Electronic Arts Victor'),(141,'Elf'),(142,'Elite'),(143,'Empire Interactive'),(144,'Encore'),(145,'Enix Corporation'),(146,'Enjoy Gaming ltd.'),(147,'Enterbrain'),(148,'EON Digital Entertainment'),(149,'Epic Games'),(150,'Epoch'),(151,'Ertain'),(152,'ESP'),(153,'Essential Games'),(154,'Evolution Games'),(155,'Evolved Games'),(156,'Excalibur Publishing'),(157,'Experience Inc.'),(158,'Extreme Entertainment Group'),(159,'Falcom Corporation'),(160,'Fields'),(161,'Flashpoint Games'),(162,'Flight-Plan'),(163,'Focus Home Interactive'),(164,'Focus Multimedia'),(165,'fonfun'),(166,'Foreign Media Games'),(167,'Fortyfive'),(168,'Fox Interactive'),(169,'From Software'),(170,'Fuji'),(171,'Funbox Media'),(172,'Funcom'),(173,'FunSoft'),(174,'Funsta'),(175,'FuRyu'),(176,'FuRyu Corporation'),(177,'G.Rev'),(178,'Gaga'),(179,'Gainax Network Systems'),(180,'Gakken'),(181,'Game Arts'),(182,'Game Factory'),(183,'Game Life'),(184,'Gamebridge'),(185,'Gamecock'),(186,'Gameloft'),(187,'GameMill Entertainment'),(188,'GameTek'),(189,'Gathering of Developers'),(190,'General Entertainment'),(191,'Genki'),(192,'Genterprise'),(193,'Ghostlight'),(194,'Giga'),(195,'Giza10'),(196,'Glams'),(197,'Global A Entertainment'),(198,'Global Star'),(199,'GN Software'),(200,'GOA'),(201,'Gotham Games'),(202,'Graffiti'),(203,'Grand Prix Games'),(204,'Graphsim Entertainment'),(205,'Gremlin Interactive Ltd'),(206,'Griffin International'),(207,'Groove Games'),(208,'GSP'),(209,'GT Interactive'),(210,'GungHo'),(211,'Gust'),(212,'Hackberry'),(213,'HAL Laboratory'),(214,'Hamster Corporation'),(215,'Happinet'),(216,'Harmonix Music Systems'),(217,'Hasbro Interactive'),(218,'Havas Interactive'),(219,'Headup Games'),(220,'Hearty Robin'),(221,'Hect'),(222,'Hello Games'),(223,'Her Interactive'),(224,'Hip Interactive'),(225,'HMH Interactive'),(226,'Home Entertainment Suppliers'),(227,'Hudson Entertainment'),(228,'Hudson Soft'),(229,'Human Entertainment'),(230,'HuneX'),(231,'Iceberg Interactive'),(232,'id Software'),(233,'Idea Factory'),(234,'Idea Factory International'),(235,'IE Institute'),(236,'Ignition Entertainment'),(237,'Illusion Softworks'),(238,'Imadio'),(239,'Image Epoch'),(240,'imageepoch Inc.'),(241,'Imageworks'),(242,'Imagic'),(243,'Imagineer'),(244,'Imax'),(245,'Indie Games'),(246,'Infogrames'),(247,'Insomniac Games'),(248,'Interchannel'),(249,'Interchannel-Holon'),(250,'Intergrow'),(251,'Interplay'),(252,'Interplay Productions'),(253,'Interworks Unlimited, Inc.'),(254,'Inti Creates'),(255,'Introversion Software'),(256,'inXile Entertainment'),(257,'Irem Software Engineering'),(258,'ITT Family Games'),(259,'Ivolgamus'),(260,'iWin'),(261,'Jack of All Games'),(262,'Jaleco'),(263,'Jester Interactive'),(264,'Jorudan'),(265,'JoWood Productions'),(266,'Just Flight'),(267,'JVC'),(268,'Kadokawa Games'),(269,'Kadokawa Shoten'),(270,'Kaga Create'),(271,'Kalypso Media'),(272,'Kamui'),(273,'Kando Games'),(274,'Karin Entertainment'),(275,'Kemco'),(276,'KID'),(277,'Kids Station'),(278,'King Records'),(279,'Knowledge Adventure'),(280,'Koch Media'),(281,'Kokopeli Digital Studios'),(282,'Konami Digital Entertainment'),(283,'Kool Kizz'),(284,'KSS'),(285,'Laguna'),(286,'Legacy Interactive'),(287,'LEGO Media'),(288,'Level 5'),(289,'Lexicon Entertainment'),(290,'Licensed 4U'),(291,'Lighthouse Interactive'),(292,'Liquid Games'),(293,'Little Orbit'),(294,'Locus'),(295,'LSP Games'),(296,'LucasArts'),(297,'Mad Catz'),(298,'Magical Company'),(299,'Magix'),(300,'Majesco Entertainment'),(301,'Mamba Games'),(302,'Marvel Entertainment'),(303,'Marvelous Entertainment'),(304,'Marvelous Games'),(305,'Marvelous Interactive'),(306,'Masque Publishing'),(307,'Mastertronic'),(308,'Mastiff'),(309,'Mattel Interactive'),(310,'Max Five'),(311,'Maximum Family Games'),(312,'Maxis'),(313,'MC2 Entertainment'),(314,'Media Entertainment'),(315,'Media Factory'),(316,'Media Rings'),(317,'Media Works'),(318,'MediaQuest'),(319,'Men-A-Vision'),(320,'Mentor Interactive'),(321,'Mercury Games'),(322,'Merscom LLC'),(323,'Metro 3D'),(324,'Michaelsoft'),(325,'Micro Cabin'),(326,'Microids'),(327,'Microprose'),(328,'Microsoft Game Studios'),(329,'Midas Interactive Entertainment'),(330,'Midway Games'),(331,'Milestone'),(332,'Milestone S.r.l'),(333,'Milestone S.r.l.'),(334,'Minato Station'),(335,'Mindscape'),(336,'Mirai Shounen'),(337,'Misawa'),(338,'Mitsui'),(339,'mixi, Inc'),(340,'MLB.com'),(341,'Mojang'),(342,'Monte Christo Multimedia'),(343,'Moss'),(344,'MTO'),(345,'MTV Games'),(346,'Mud Duck Productions'),(347,'Mumbo Jumbo'),(348,'Mycom'),(349,'Myelin Media'),(350,'Mystique'),(351,'N/A'),(352,'Namco Bandai Games'),(353,'Natsume'),(354,'Navarre Corp'),(355,'Naxat Soft'),(356,'NCS'),(357,'NCSoft'),(358,'NDA Productions'),(359,'NEC'),(360,'NEC Interchannel'),(361,'Neko Entertainment'),(362,'NetRevo'),(363,'New'),(364,'New World Computing'),(365,'NewKidCo'),(366,'Nexon'),(367,'Nichibutsu'),(368,'Nihon Falcom Corporation'),(369,'Nintendo'),(370,'Nippon Amuse'),(371,'Nippon Columbia'),(372,'Nippon Ichi Software'),(373,'Nippon Telenet'),(374,'Nitroplus'),(375,'Nobilis'),(376,'Nordcurrent'),(377,'Nordic Games'),(378,'NovaLogic'),(379,'Number None'),(380,'O-Games'),(381,'O3 Entertainment'),(382,'Ocean'),(383,'Office Create'),(384,'On Demand'),(385,'Ongakukan'),(386,'Origin Systems'),(387,'Otomate'),(388,'Oxygen Interactive'),(389,'P2 Games'),(390,'Pacific Century Cyber Works'),(391,'Pack In Soft'),(392,'Pack-In-Video'),(393,'Palcom'),(394,'Panther Software'),(395,'Paon'),(396,'Paon Corporation'),(397,'Paradox Development'),(398,'Paradox Interactive'),(399,'Parker Bros.'),(400,'Performance Designed Products'),(401,'Phantagram'),(402,'Phantom EFX'),(403,'Phenomedia'),(404,'Phoenix Games'),(405,'Piacci'),(406,'Pinnacle'),(407,'Pioneer LDC'),(408,'Play It'),(409,'Playlogic Game Factory'),(410,'Playmates'),(411,'Playmore'),(412,'PlayV'),(413,'Plenty'),(414,'PM Studios'),(415,'Pony Canyon'),(416,'PopCap Games'),(417,'Popcorn Arcade'),(418,'PopTop Software'),(419,'Pow'),(420,'PQube'),(421,'Princess Soft'),(422,'Prototype'),(423,'Psygnosis'),(424,'Quelle'),(425,'Quest'),(426,'Quinrose'),(427,'Quintet'),(428,'Rage Software'),(429,'Rain Games'),(430,'Rebellion'),(431,'Rebellion Developments'),(432,'RED Entertainment'),(433,'Red Orb'),(434,'Red Storm Entertainment'),(435,'RedOctane'),(436,'Reef Entertainment'),(437,'responDESIGN'),(438,'Revolution (Japan)'),(439,'Revolution Software'),(440,'Rising Star Games'),(441,'Riverhillsoft'),(442,'Rocket Company'),(443,'Rondomedia'),(444,'RTL'),(445,'Russel'),(446,'Sammy Corporation'),(447,'Saurus'),(448,'Scholastic Inc.'),(449,'SCi'),(450,'Screenlife'),(451,'SCS Software'),(452,'Sega'),(453,'Seta Corporation'),(454,'Seventh Chord'),(455,'Shogakukan'),(456,'Simon & Schuster Interactive'),(457,'Slightly Mad Studios'),(458,'Slitherine Software'),(459,'SNK'),(460,'SNK Playmore'),(461,'Societa'),(462,'Sold Out'),(463,'Sonnet'),(464,'Sony Computer Entertainment'),(465,'Sony Computer Entertainment America'),(466,'Sony Computer Entertainment Europe'),(467,'Sony Music Entertainment'),(468,'Sony Online Entertainment'),(469,'SouthPeak Games'),(470,'Spike'),(471,'SPS'),(472,'Square'),(473,'Square EA'),(474,'Square Enix'),(475,'SquareSoft'),(476,'SSI'),(477,'Stainless Games'),(478,'Starfish'),(479,'Starpath Corp.'),(480,'Sting'),(481,'Storm City Games'),(482,'Strategy First'),(483,'Success'),(484,'Summitsoft'),(485,'Sunflowers'),(486,'Sunrise Interactive'),(487,'Sunsoft'),(488,'Sweets'),(489,'Swing! Entertainment'),(490,'Syscom'),(491,'System 3'),(492,'System 3 Arcade Software'),(493,'System Soft'),(494,'T&E Soft'),(495,'Taito'),(496,'Takara'),(497,'Takara Tomy'),(498,'Take-Two Interactive'),(499,'Takuyo'),(500,'TalonSoft'),(501,'TDK Core'),(502,'TDK Mediactive'),(503,'Team17 Software'),(504,'Technos Japan Corporation'),(505,'TechnoSoft'),(506,'Tecmo Koei'),(507,'Telegames'),(508,'Telltale Games'),(509,'Telstar'),(510,'Tetris Online'),(511,'TGL'),(512,'The Adventure Company'),(513,'The Learning Company'),(514,'THQ'),(515,'Tigervision'),(516,'Time Warner Interactive'),(517,'Titus'),(518,'Tivola'),(519,'TOHO'),(520,'Tommo'),(521,'Tomy Corporation'),(522,'TopWare Interactive'),(523,'Touchstone'),(524,'Tradewest'),(525,'Trion Worlds'),(526,'Tripwire Interactive'),(527,'Tru Blu Entertainment'),(528,'Tryfirst'),(529,'TYO'),(530,'Type-Moon'),(531,'U.S. Gold'),(532,'Ubisoft'),(533,'Ubisoft Annecy'),(534,'UEP Systems'),(535,'UFO Interactive'),(536,'UIG Entertainment'),(537,'Universal Gamex'),(538,'Universal Interactive'),(539,'Unknown'),(540,'Valcon Games'),(541,'ValuSoft'),(542,'Valve'),(543,'Valve Software'),(544,'Vap'),(545,'Vatical Entertainment'),(546,'Vic Tokai'),(547,'Victor Interactive'),(548,'Video System'),(549,'Views'),(550,'Vir2L Studios'),(551,'Virgin Interactive'),(552,'Virtual Play Games'),(553,'Visco'),(554,'Vivendi Games'),(555,'Wanadoo'),(556,'Warashi'),(557,'Wargaming.net'),(558,'Warner Bros. Interactive Entertainment'),(559,'Warp'),(560,'WayForward Technologies'),(561,'Westwood Studios'),(562,'White Park Bay Software'),(563,'Wizard Video Games'),(564,'Xicat Interactive'),(565,'Xing Entertainment'),(566,'Xplosiv'),(567,'XS Games'),(568,'Xseed Games'),(569,'Yacht Club Games'),(570,'Yamasa Entertainment'),(571,'Yeti'),(572,'Yuke\'s'),(573,'Yumedia'),(574,'Zenrin'),(575,'Zoo Digital Publishing'),(576,'Zoo Games'),(577,'Zushi Games');
/*!40000 ALTER TABLE `publisher` ENABLE KEYS */;
UNLOCK TABLES;

--
-- Table structure for table `region`
--

DROP TABLE IF EXISTS `region`;
/*!40101 SET @saved_cs_client     = @@character_set_client */;
/*!40101 SET character_set_client = utf8 */;
CREATE TABLE `region` (
  `id` int(11) NOT NULL AUTO_INCREMENT,
  `region_name` varchar(50) DEFAULT NULL,
  PRIMARY KEY (`id`)
) ENGINE=InnoDB AUTO_INCREMENT=5 DEFAULT CHARSET=utf8;
/*!40101 SET character_set_client = @saved_cs_client */;

--
-- Dumping data for table `region`
--

LOCK TABLES `region` WRITE;
/*!40000 ALTER TABLE `region` DISABLE KEYS */;
INSERT INTO `region` VALUES (1,'North America'),(2,'Europe'),(3,'Japan'),(4,'Other');
/*!40000 ALTER TABLE `region` ENABLE KEYS */;
UNLOCK TABLES;

--
-- Table structure for table `region_sales`
--

DROP TABLE IF EXISTS `region_sales`;
/*!40101 SET @saved_cs_client     = @@character_set_client */;
/*!40101 SET character_set_client = utf8 */;
CREATE TABLE `region_sales` (
  `region_id` int(11) DEFAULT NULL,
  `game_platform_id` int(11) DEFAULT NULL,
  `num_sales` decimal(5,2) DEFAULT NULL,
  KEY `fk_rs_gp` (`game_platform_id`),
  KEY `fk_rs_reg` (`region_id`),
  CONSTRAINT `fk_rs_gp` FOREIGN KEY (`game_platform_id`) REFERENCES `game_platform` (`id`),
  CONSTRAINT `fk_rs_reg` FOREIGN KEY (`region_id`) REFERENCES `region` (`id`)
) ENGINE=InnoDB DEFAULT CHARSET=utf8;
/*!40101 SET character_set_client = @saved_cs_client */;

--
-- Dumping data for table `region_sales`
--

LOCK TABLES `region_sales` WRITE;
/*!40000 ALTER TABLE `region_sales` DISABLE KEYS */;
INSERT INTO `region_sales` VALUES (1,50,3.50),(1,51,1.43),(1,52,0.51),(1,53,0.27),(1,54,0.48),(1,55,0.34),(1,56,0.36),(1,57,0.36),(1,58,0.17),(1,59,0.04),(1,60,0.21),(1,61,0.11),(1,62,0.13),(1,63,0.12),(1,64,0.08),(1,65,0.10),(1,66,0.09),(1,67,0.09),(1,68,0.07),(1,69,0.07),(1,70,0.00),(1,71,0.06),(1,72,0.06),(1,73,0.00),(1,74,0.04),(1,75,0.04),(1,76,0.04),(1,77,0.03),(1,78,0.02),(1,79,0.02),(1,303,0.00),(1,304,0.00),(1,510,0.06),(1,511,0.00),(1,533,0.60),(1,534,0.82),(1,535,1.20),(1,536,3.06),(1,537,2.33),(1,538,0.50),(1,539,1.40),(1,540,1.56),(1,541,0.37),(1,542,1.32),(1,543,0.85),(1,544,0.94),(1,545,0.95),(1,546,0.30),(1,547,0.91),(1,548,0.60),(1,549,1.04),(1,550,0.52),(1,551,0.47),(1,552,0.42),(1,553,0.48),(1,554,0.60),(1,555,0.41),(1,556,0.70),(1,557,0.26),(1,558,0.42),(1,559,0.11),(1,560,0.49),(1,561,0.32),(1,562,0.36),(1,563,0.42),(1,564,0.24),(1,565,0.26),(1,566,0.22),(1,567,0.58),(1,568,0.58),(1,569,0.33),(1,570,0.53),(1,571,0.52),(1,572,0.41),(1,573,0.50),(1,574,0.51),(1,575,0.18),(1,576,0.24),(1,577,0.14),(1,578,0.29),(1,579,0.15),(1,580,0.05),(1,581,0.13),(1,582,0.42),(1,583,0.13),(1,584,0.31);
/*!40000 ALTER TABLE `region_sales` ENABLE KEYS */;
UNLOCK TABLES;
/*!40103 SET TIME_ZONE=@OLD_TIME_ZONE */;

/*!40101 SET SQL_MODE=@OLD_SQL_MODE */;
/*!40014 SET FOREIGN_KEY_CHECKS=@OLD_FOREIGN_KEY_CHECKS */;
/*!40014 SET UNIQUE_CHECKS=@OLD_UNIQUE_CHECKS */;
/*!40101 SET CHARACTER_SET_CLIENT=@OLD_CHARACTER_SET_CLIENT */;
/*!40101 SET CHARACTER_SET_RESULTS=@OLD_CHARACTER_SET_RESULTS */;
/*!40101 SET COLLATION_CONNECTION=@OLD_COLLATION_CONNECTION */;
/*!40111 SET SQL_NOTES=@OLD_SQL_NOTES */;

-- Dump completed on 2019-12-03  5:05:56
